Threat Category,Threat Category,Threat Category,Threat Category,combined_text
DDoS,DDoS,DDoS,DDoS,DDoS DDoS DDoS
Malware,Malware,Malware,Malware,Malware Malware Malware
Phishing,Phishing,Phishing,Phishing,Phishing Phishing Phishing
DDoS,DDoS,DDoS,DDoS,DDoS DDoS DDoS
DDoS,DDoS,DDoS,DDoS,DDoS DDoS DDoS
Malware,Malware,Malware,Malware,Malware Malware Malware
Phishing,Phishing,Phishing,Phishing,Phishing Phishing Phishing
Phishing,Phishing,Phishing,Phishing,Phishing Phishing Phishing
DDoS,DDoS,DDoS,DDoS,DDoS DDoS DDoS
Ransomware,Ransomware,Ransomware,Ransomware,Ransomware Ransomware Ransomware
DDoS,DDoS,DDoS,DDoS,DDoS DDoS DDoS
DDoS,DDoS,DDoS,DDoS,DDoS DDoS DDoS
DDoS,DDoS,DDoS,DDoS,DDoS DDoS DDoS
DDoS,DDoS,DDoS,DDoS,DDoS DDoS DDoS
Malware,Malware,Malware,Malware,Malware Malware Malware
Phishing,Phishing,Phishing,Phishing,Phishing Phishing Phishing
Malware,Malware,Malware,Malware,Malware Malware Malware
Malware,Malware,Malware,Malware,Malware Malware Malware
Malware,Malware,Malware,Malware,Malware Malware Malware
DDoS,DDoS,DDoS,DDoS,DDoS DDoS DDoS
Ransomware,Ransomware,Ransomware,Ransomware,Ransomware Ransomware Ransomware
Phishing,Phishing,Phishing,Phishing,Phishing Phishing Phishing
Ransomware,Ransomware,Ransomware,Ransomware,Ransomware Ransomware Ransomware
Malware,Malware,Malware,Malware,Malware Malware Malware
Malware,Malware,Malware,Malware,Malware Malware Malware
Ransomware,Ransomware,Ransomware,Ransomware,Ransomware Ransomware Ransomware
Ransomware,Ransomware,Ransomware,Ransomware,Ransomware Ransomware Ransomware
Ransomware,Ransomware,Ransomware,Ransomware,Ransomware Ransomware Ransomware
Malware,Malware,Malware,Malware,Malware Malware Malware
Malware,Malware,Malware,Malware,Malware Malware Malware
Phishing,Phishing,Phishing,Phishing,Phishing Phishing Phishing
Phishing,Phishing,Phishing,Phishing,Phishing Phishing Phishing
Malware,Malware,Malware,Malware,Malware Malware Malware
Ransomware,Ransomware,Ransomware,Ransomware,Ransomware Ransomware Ransomware
Ransomware,Ransomware,Ransomware,Ransomware,Ransomware Ransomware Ransomware
Phishing,Phishing,Phishing,Phishing,Phishing Phishing Phishing
Malware,Malware,Malware,Malware,Malware Malware Malware
Phishing,Phishing,Phishing,Phishing,Phishing Phishing Phishing
Phishing,Phishing,Phishing,Phishing,Phishing Phishing Phishing
DDoS,DDoS,DDoS,DDoS,DDoS DDoS DDoS
DDoS,DDoS,DDoS,DDoS,DDoS DDoS DDoS
DDoS,DDoS,DDoS,DDoS,DDoS DDoS DDoS
Ransomware,Ransomware,Ransomware,Ransomware,Ransomware Ransomware Ransomware
Malware,Malware,Malware,Malware,Malware Malware Malware
Malware,Malware,Malware,Malware,Malware Malware Malware
Malware,Malware,Malware,Malware,Malware Malware Malware
Malware,Malware,Malware,Malware,Malware Malware Malware
DDoS,DDoS,DDoS,DDoS,DDoS DDoS DDoS
Ransomware,Ransomware,Ransomware,Ransomware,Ransomware Ransomware Ransomware
Ransomware,Ransomware,Ransomware,Ransomware,Ransomware Ransomware Ransomware
DDoS,DDoS,DDoS,DDoS,DDoS DDoS DDoS
Ransomware,Ransomware,Ransomware,Ransomware,Ransomware Ransomware Ransomware
DDoS,DDoS,DDoS,DDoS,DDoS DDoS DDoS
Malware,Malware,Malware,Malware,Malware Malware Malware
DDoS,DDoS,DDoS,DDoS,DDoS DDoS DDoS
Malware,Malware,Malware,Malware,Malware Malware Malware
Malware,Malware,Malware,Malware,Malware Malware Malware
Phishing,Phishing,Phishing,Phishing,Phishing Phishing Phishing
DDoS,DDoS,DDoS,DDoS,DDoS DDoS DDoS
Phishing,Phishing,Phishing,Phishing,Phishing Phishing Phishing
DDoS,DDoS,DDoS,DDoS,DDoS DDoS DDoS
DDoS,DDoS,DDoS,DDoS,DDoS DDoS DDoS
Phishing,Phishing,Phishing,Phishing,Phishing Phishing Phishing
Phishing,Phishing,Phishing,Phishing,Phishing Phishing Phishing
DDoS,DDoS,DDoS,DDoS,DDoS DDoS DDoS
Ransomware,Ransomware,Ransomware,Ransomware,Ransomware Ransomware Ransomware
Malware,Malware,Malware,Malware,Malware Malware Malware
Phishing,Phishing,Phishing,Phishing,Phishing Phishing Phishing
Malware,Malware,Malware,Malware,Malware Malware Malware
Ransomware,Ransomware,Ransomware,Ransomware,Ransomware Ransomware Ransomware
Ransomware,Ransomware,Ransomware,Ransomware,Ransomware Ransomware Ransomware
Ransomware,Ransomware,Ransomware,Ransomware,Ransomware Ransomware Ransomware
Phishing,Phishing,Phishing,Phishing,Phishing Phishing Phishing
Ransomware,Ransomware,Ransomware,Ransomware,Ransomware Ransomware Ransomware
Phishing,Phishing,Phishing,Phishing,Phishing Phishing Phishing
Ransomware,Ransomware,Ransomware,Ransomware,Ransomware Ransomware Ransomware
Malware,Malware,Malware,Malware,Malware Malware Malware
Malware,Malware,Malware,Malware,Malware Malware Malware
DDoS,DDoS,DDoS,DDoS,DDoS DDoS DDoS
Malware,Malware,Malware,Malware,Malware Malware Malware
DDoS,DDoS,DDoS,DDoS,DDoS DDoS DDoS
Malware,Malware,Malware,Malware,Malware Malware Malware
Phishing,Phishing,Phishing,Phishing,Phishing Phishing Phishing
Malware,Malware,Malware,Malware,Malware Malware Malware
DDoS,DDoS,DDoS,DDoS,DDoS DDoS DDoS
DDoS,DDoS,DDoS,DDoS,DDoS DDoS DDoS
Ransomware,Ransomware,Ransomware,Ransomware,Ransomware Ransomware Ransomware
Phishing,Phishing,Phishing,Phishing,Phishing Phishing Phishing
Malware,Malware,Malware,Malware,Malware Malware Malware
Ransomware,Ransomware,Ransomware,Ransomware,Ransomware Ransomware Ransomware
Malware,Malware,Malware,Malware,Malware Malware Malware
Malware,Malware,Malware,Malware,Malware Malware Malware
Ransomware,Ransomware,Ransomware,Ransomware,Ransomware Ransomware Ransomware
Ransomware,Ransomware,Ransomware,Ransomware,Ransomware Ransomware Ransomware
Ransomware,Ransomware,Ransomware,Ransomware,Ransomware Ransomware Ransomware
Ransomware,Ransomware,Ransomware,Ransomware,Ransomware Ransomware Ransomware
Ransomware,Ransomware,Ransomware,Ransomware,Ransomware Ransomware Ransomware
Malware,Malware,Malware,Malware,Malware Malware Malware
Ransomware,Ransomware,Ransomware,Ransomware,Ransomware Ransomware Ransomware
Phishing,Phishing,Phishing,Phishing,Phishing Phishing Phishing
DDoS,DDoS,DDoS,DDoS,DDoS DDoS DDoS
Ransomware,Ransomware,Ransomware,Ransomware,Ransomware Ransomware Ransomware
Ransomware,Ransomware,Ransomware,Ransomware,Ransomware Ransomware Ransomware
Malware,Malware,Malware,Malware,Malware Malware Malware
Ransomware,Ransomware,Ransomware,Ransomware,Ransomware Ransomware Ransomware
Ransomware,Ransomware,Ransomware,Ransomware,Ransomware Ransomware Ransomware
Ransomware,Ransomware,Ransomware,Ransomware,Ransomware Ransomware Ransomware
Malware,Malware,Malware,Malware,Malware Malware Malware
Ransomware,Ransomware,Ransomware,Ransomware,Ransomware Ransomware Ransomware
DDoS,DDoS,DDoS,DDoS,DDoS DDoS DDoS
Malware,Malware,Malware,Malware,Malware Malware Malware
DDoS,DDoS,DDoS,DDoS,DDoS DDoS DDoS
Malware,Malware,Malware,Malware,Malware Malware Malware
Ransomware,Ransomware,Ransomware,Ransomware,Ransomware Ransomware Ransomware
DDoS,DDoS,DDoS,DDoS,DDoS DDoS DDoS
Malware,Malware,Malware,Malware,Malware Malware Malware
Phishing,Phishing,Phishing,Phishing,Phishing Phishing Phishing
Ransomware,Ransomware,Ransomware,Ransomware,Ransomware Ransomware Ransomware
Malware,Malware,Malware,Malware,Malware Malware Malware
Phishing,Phishing,Phishing,Phishing,Phishing Phishing Phishing
Malware,Malware,Malware,Malware,Malware Malware Malware
Phishing,Phishing,Phishing,Phishing,Phishing Phishing Phishing
Ransomware,Ransomware,Ransomware,Ransomware,Ransomware Ransomware Ransomware
DDoS,DDoS,DDoS,DDoS,DDoS DDoS DDoS
Phishing,Phishing,Phishing,Phishing,Phishing Phishing Phishing
Malware,Malware,Malware,Malware,Malware Malware Malware
Ransomware,Ransomware,Ransomware,Ransomware,Ransomware Ransomware Ransomware
Phishing,Phishing,Phishing,Phishing,Phishing Phishing Phishing
Malware,Malware,Malware,Malware,Malware Malware Malware
Malware,Malware,Malware,Malware,Malware Malware Malware
Malware,Malware,Malware,Malware,Malware Malware Malware
Phishing,Phishing,Phishing,Phishing,Phishing Phishing Phishing
Phishing,Phishing,Phishing,Phishing,Phishing Phishing Phishing
Phishing,Phishing,Phishing,Phishing,Phishing Phishing Phishing
DDoS,DDoS,DDoS,DDoS,DDoS DDoS DDoS
Phishing,Phishing,Phishing,Phishing,Phishing Phishing Phishing
Phishing,Phishing,Phishing,Phishing,Phishing Phishing Phishing
Phishing,Phishing,Phishing,Phishing,Phishing Phishing Phishing
DDoS,DDoS,DDoS,DDoS,DDoS DDoS DDoS
Phishing,Phishing,Phishing,Phishing,Phishing Phishing Phishing
Malware,Malware,Malware,Malware,Malware Malware Malware
Phishing,Phishing,Phishing,Phishing,Phishing Phishing Phishing
Malware,Malware,Malware,Malware,Malware Malware Malware
Malware,Malware,Malware,Malware,Malware Malware Malware
Malware,Malware,Malware,Malware,Malware Malware Malware
DDoS,DDoS,DDoS,DDoS,DDoS DDoS DDoS
DDoS,DDoS,DDoS,DDoS,DDoS DDoS DDoS
DDoS,DDoS,DDoS,DDoS,DDoS DDoS DDoS
Phishing,Phishing,Phishing,Phishing,Phishing Phishing Phishing
Malware,Malware,Malware,Malware,Malware Malware Malware
DDoS,DDoS,DDoS,DDoS,DDoS DDoS DDoS
DDoS,DDoS,DDoS,DDoS,DDoS DDoS DDoS
Phishing,Phishing,Phishing,Phishing,Phishing Phishing Phishing
DDoS,DDoS,DDoS,DDoS,DDoS DDoS DDoS
Phishing,Phishing,Phishing,Phishing,Phishing Phishing Phishing
Ransomware,Ransomware,Ransomware,Ransomware,Ransomware Ransomware Ransomware
DDoS,DDoS,DDoS,DDoS,DDoS DDoS DDoS
Ransomware,Ransomware,Ransomware,Ransomware,Ransomware Ransomware Ransomware
Phishing,Phishing,Phishing,Phishing,Phishing Phishing Phishing
Malware,Malware,Malware,Malware,Malware Malware Malware
DDoS,DDoS,DDoS,DDoS,DDoS DDoS DDoS
Phishing,Phishing,Phishing,Phishing,Phishing Phishing Phishing
Malware,Malware,Malware,Malware,Malware Malware Malware
Malware,Malware,Malware,Malware,Malware Malware Malware
Ransomware,Ransomware,Ransomware,Ransomware,Ransomware Ransomware Ransomware
Phishing,Phishing,Phishing,Phishing,Phishing Phishing Phishing
Malware,Malware,Malware,Malware,Malware Malware Malware
DDoS,DDoS,DDoS,DDoS,DDoS DDoS DDoS
DDoS,DDoS,DDoS,DDoS,DDoS DDoS DDoS
Ransomware,Ransomware,Ransomware,Ransomware,Ransomware Ransomware Ransomware
Malware,Malware,Malware,Malware,Malware Malware Malware
Phishing,Phishing,Phishing,Phishing,Phishing Phishing Phishing
DDoS,DDoS,DDoS,DDoS,DDoS DDoS DDoS
Malware,Malware,Malware,Malware,Malware Malware Malware
Malware,Malware,Malware,Malware,Malware Malware Malware
Ransomware,Ransomware,Ransomware,Ransomware,Ransomware Ransomware Ransomware
DDoS,DDoS,DDoS,DDoS,DDoS DDoS DDoS
DDoS,DDoS,DDoS,DDoS,DDoS DDoS DDoS
Phishing,Phishing,Phishing,Phishing,Phishing Phishing Phishing
DDoS,DDoS,DDoS,DDoS,DDoS DDoS DDoS
Phishing,Phishing,Phishing,Phishing,Phishing Phishing Phishing
DDoS,DDoS,DDoS,DDoS,DDoS DDoS DDoS
Ransomware,Ransomware,Ransomware,Ransomware,Ransomware Ransomware Ransomware
DDoS,DDoS,DDoS,DDoS,DDoS DDoS DDoS
Phishing,Phishing,Phishing,Phishing,Phishing Phishing Phishing
Phishing,Phishing,Phishing,Phishing,Phishing Phishing Phishing
Ransomware,Ransomware,Ransomware,Ransomware,Ransomware Ransomware Ransomware
DDoS,DDoS,DDoS,DDoS,DDoS DDoS DDoS
DDoS,DDoS,DDoS,DDoS,DDoS DDoS DDoS
Ransomware,Ransomware,Ransomware,Ransomware,Ransomware Ransomware Ransomware
DDoS,DDoS,DDoS,DDoS,DDoS DDoS DDoS
DDoS,DDoS,DDoS,DDoS,DDoS DDoS DDoS
Phishing,Phishing,Phishing,Phishing,Phishing Phishing Phishing
DDoS,DDoS,DDoS,DDoS,DDoS DDoS DDoS
DDoS,DDoS,DDoS,DDoS,DDoS DDoS DDoS
Ransomware,Ransomware,Ransomware,Ransomware,Ransomware Ransomware Ransomware
Ransomware,Ransomware,Ransomware,Ransomware,Ransomware Ransomware Ransomware
Malware,Malware,Malware,Malware,Malware Malware Malware
Phishing,Phishing,Phishing,Phishing,Phishing Phishing Phishing
DDoS,DDoS,DDoS,DDoS,DDoS DDoS DDoS
